id,titill,lysing,verd
1,"Lasagna","Lasagna með fersku salati",2500
2,"Sveppa risotto","Kremkennt risotto með sveppum og fersku grænmeti",2500
3,"Ferskt pasta með pestó","Pestó útbúið á staðnum með fersku pasta og ristuðum hnetum",2300
4,"Quesadilla","Quesadilla með osti og fersku salsa",2100
5,"Falafel með hummus","Falafel með hummus, pitu og fersku salati",2000
6,"Súpa dagsins","Daglega ný súpa",1850
7,"Kryddaðar sætkartöflur","Kryddaðar sætkartöflur með vorlauk",1100
8,"Hamborgari","Hamborgari með frönskum kartöflum",2500
9,"Pizza","Klassísk pizza",2000